<?xml version="1.0" encoding="UTF-8"?>
<beans xmlns="http://www.springframework.org/schema/beans"
       xmlns:xsi="http://www.w3.org/2001/XMLSchema-instance" xmlns:mvc="http://www.springframework.org/schema/mvc"
       xmlns:context="http://www.springframework.org/schema/context"
       xsi:schemaLocation="http://www.springframework.org/schema/beans http://www.springframework.org/schema/beans/spring-beans.xsd http://www.springframework.org/schema/mvc https://www.springframework.org/schema/mvc/spring-mvc.xsd http://www.springframework.org/schema/context https://www.springframework.org/schema/context/spring-context.xsd">
<!--映射器 适配器-->
    <mvc:annotation-driven></mvc:annotation-driven>
    <!--视图解析器-->
    <bean class="org.springframework.web.servlet.view.InternalResourceViewResolver">
        <property name="prefix" value="/WEB-INF/"></property>
        <property name="suffix" value=".jsp"></property>
    </bean>
    <!--扫描controller包-->
    <context:component-scan base-package="com.wanmait.movie.manageController"></context:component-scan>
    <context:component-scan base-package="com.wanmait.movie.webController"></context:component-scan>
    <!--静态资源访问的servlet *.css *.js *.jpg *.jpeg....-->
    <mvc:default-servlet-handler></mvc:default-servlet-handler>
    <!--配置文件上传 解析器-->
    <bean id="multipartResolver" class="org.springframework.web.multipart.commons.CommonsMultipartResolver">
        <property name="defaultEncoding" value="utf-8"></property>
        <property name="maxUploadSize" value="10240000"></property>
    </bean>
</beans>